"P01";"27";"642";"t";"2014-12-31 23:59:08.306";"2015-01-01 00:02:24.476"
"P01";"27";"642";"t";"2015-01-01 00:02:24.476";"2015-01-01 00:04:03.202"
"P01";"28";"642";"t";"2015-01-01 00:04:03.202";"2015-01-01 00:17:58.78"
"P01";"29";"642";"t";"2015-01-01 00:17:58.78";"2015-01-01 00:18:48.225"
"P01";"30";"642";"t";"2015-01-01 00:18:48.225";"2015-01-01 00:20:48.256"
"P01";"32";"642";"t";"2015-01-01 00:20:48.256";"2015-01-01 00:22:44.226"
"P01";"33";"642";"t";"2015-01-01 00:22:44.226";"2015-01-01 00:25:41.267"
"P01";"36";"642";"t";"2015-01-01 00:25:41.267";"2015-01-01 00:27:39.219"
"P01";"37";"642";"t";"2015-01-01 00:27:39.219";"2015-01-01 00:29:48.149"
"P01";"39";"642";"t";"2015-01-01 00:29:48.149";"2015-01-01 00:30:36.215"
"P01";"40";"642";"t";"2015-01-01 00:30:36.215";"2015-01-01 00:32:41.493"
"P01";"42";"642";"t";"2015-01-01 00:32:41.493";"2015-01-01 00:33:33.211"
"P01";"45";"642";"t";"2015-01-01 00:33:33.211";"2015-01-01 00:34:32.201"
"P01";"49";"642";"t";"2015-01-01 00:34:32.201";"2015-01-01 00:35:35.472"
"P01";"52";"642";"t";"2015-01-01 00:35:35.472";"2015-01-01 00:36:30.205"
"P01";"53";"642";"t";"2015-01-01 00:36:30.205";"2015-01-01 00:37:29.203"
"P01";"57";"642";"t";"2015-01-01 00:37:29.203";"2015-01-01 00:38:42.333"
"P01";"62";"642";"t";"2015-01-01 00:38:42.333";"2015-01-01 00:39:27.206"
"P01";"66";"642";"t";"2015-01-01 00:39:27.206";"2015-01-01 00:40:26.201"
"P01";"70";"642";"t";"2015-01-01 00:40:26.201";"2015-01-01 00:41:41.987"
"P01";"80";"642";"t";"2015-01-01 00:41:41.987";"2015-01-01 00:42:24.212"
"P01";"83";"642";"t";"2015-01-01 00:42:24.212";"2015-01-01 00:43:23.213"
"P01";"89";"642";"t";"2015-01-01 00:43:23.213";"2015-01-01 00:44:32.298"
"P01";"98";"642";"t";"2015-01-01 00:44:32.298";"2015-01-01 00:45:21.244"
"P01";"103";"642";"t";"2015-01-01 00:45:21.244";"2015-01-01 00:46:20.199"
"P01";"109";"642";"t";"2015-01-01 00:46:20.199";"2015-01-01 00:47:26.843"
"P01";"117";"642";"t";"2015-01-01 00:47:26.843";"2015-01-01 00:48:18.221"
"P01";"124";"642";"t";"2015-01-01 00:48:18.221";"2015-01-01 00:49:17.217"
"P01";"131";"642";"t";"2015-01-01 00:49:17.217";"2015-01-01 00:50:33.777"
"P01";"139";"642";"t";"2015-01-01 00:50:33.777";"2015-01-01 00:51:15.224"
"P01";"144";"642";"t";"2015-01-01 00:51:15.224";"2015-01-01 00:52:14.201"
"P01";"149";"642";"t";"2015-01-01 00:52:14.201";"2015-01-01 00:53:27.952"
"P01";"154";"642";"t";"2015-01-01 00:53:27.952";"2015-01-01 00:54:12.865"
"P01";"158";"642";"t";"2015-01-01 00:54:12.865";"2015-01-01 00:55:11.199"
"P01";"164";"642";"t";"2015-01-01 00:55:11.199";"2015-01-01 00:56:12.259"
"P01";"171";"642";"t";"2015-01-01 00:56:12.259";"2015-01-01 00:57:09.216"
"P01";"175";"642";"t";"2015-01-01 00:57:09.216";"2015-01-01 00:58:08.203"
"P01";"176";"642";"t";"2015-01-01 00:58:08.203";"2015-01-01 00:59:11.735"
"P01";"177";"642";"t";"2015-01-01 00:59:11.735";"2015-01-01 01:01:06.201"
"P01";"178";"642";"t";"2015-01-01 01:01:06.201";"2015-01-01 01:03:05.274"
"P01";"180";"642";"t";"2015-01-01 01:03:05.274";"2015-01-01 01:05:01.208"
"P01";"181";"642";"t";"2015-01-01 01:05:01.208";"2015-01-01 01:06:59.203"
"P01";"183";"642";"t";"2015-01-01 01:06:59.203";"2015-01-01 01:07:58.203"
"P01";"184";"642";"t";"2015-01-01 01:07:58.203";"2015-01-01 01:09:56.208"
"P01";"186";"642";"t";"2015-01-01 01:09:56.208";"2015-01-01 01:10:55.203"
"P01";"187";"642";"t";"2015-01-01 01:10:55.203";"2015-01-01 01:12:53.209"
"P01";"189";"642";"t";"2015-01-01 01:12:53.209";"2015-01-01 01:14:51.202"
"P01";"191";"642";"t";"2015-01-01 01:14:51.202";"2015-01-01 01:15:50.197"
"P01";"194";"642";"t";"2015-01-01 01:15:50.197";"2015-01-01 01:17:48.216"
"P01";"197";"642";"t";"2015-01-01 01:17:48.216";"2015-01-01 01:20:45.203"
"P01";"198";"642";"t";"2015-01-01 01:20:45.203";"2015-01-01 01:23:42.2"
"P01";"199";"642";"t";"2015-01-01 01:23:42.2";"2015-01-01 01:25:40.258"
"P01";"198";"642";"t";"2015-01-01 01:25:40.258";"2015-01-01 01:26:39.212"
"P01";"199";"642";"t";"2015-01-01 01:26:39.212";"2015-01-01 01:27:38.199"
"P01";"201";"642";"t";"2015-01-01 01:27:38.199";"2015-01-01 01:29:36.214"
"P01";"202";"642";"t";"2015-01-01 01:29:36.213";"2015-01-01 01:30:35.199"
"P01";"201";"642";"t";"2015-01-01 01:30:35.199";"2015-01-01 01:33:32.217"
"P01";"200";"642";"t";"2015-01-01 01:33:32.217";"2015-01-01 01:34:31.209"
"P01";"201";"642";"t";"2015-01-01 01:34:31.209";"2015-01-01 01:35:30.2"
"P01";"202";"642";"t";"2015-01-01 01:35:30.2";"2015-01-01 01:37:28.203"
"P01";"203";"642";"t";"2015-01-01 01:37:28.203";"2015-01-01 01:38:27.202"
"P01";"202";"642";"t";"2015-01-01 01:38:27.202";"2015-01-01 01:39:26.202"
"P01";"203";"642";"t";"2015-01-01 01:39:26.202";"2015-01-01 01:40:25.212"
"P01";"204";"642";"t";"2015-01-01 01:40:25.212";"2015-01-01 01:41:24.261"
"P01";"205";"642";"t";"2015-01-01 01:41:24.261";"2015-01-01 01:42:23.2"
"P01";"206";"642";"t";"2015-01-01 01:42:23.2";"2015-01-01 01:43:22.199"
"P01";"207";"642";"t";"2015-01-01 01:43:22.199";"2015-01-01 01:44:21.198"
"P01";"209";"642";"t";"2015-01-01 01:44:21.198";"2015-01-01 01:45:20.199"
"P01";"212";"642";"t";"2015-01-01 01:45:20.199";"2015-01-01 01:46:19.209"
"P01";"214";"642";"t";"2015-01-01 01:46:19.209";"2015-01-01 01:47:18.202"
"P01";"216";"642";"t";"2015-01-01 01:47:18.202";"2015-01-01 01:48:17.202"
"P01";"218";"642";"t";"2015-01-01 01:48:17.202";"2015-01-01 01:49:16.227"
"P01";"219";"642";"t";"2015-01-01 01:49:16.227";"2015-01-01 01:51:14.2"
"P01";"221";"642";"t";"2015-01-01 01:51:14.2";"2015-01-01 01:52:13.201"
"P01";"222";"642";"t";"2015-01-01 01:52:13.201";"2015-01-01 01:53:12.201"
"P01";"223";"642";"t";"2015-01-01 01:53:12.201";"2015-01-01 01:54:11.207"
"P01";"225";"642";"t";"2015-01-01 01:54:11.207";"2015-01-01 01:55:10.204"
"P01";"224";"642";"t";"2015-01-01 01:55:10.204";"2015-01-01 01:56:09.212"
"P01";"225";"642";"t";"2015-01-01 01:56:09.212";"2015-01-01 01:57:08.215"
"P01";"226";"642";"t";"2015-01-01 01:57:08.215";"2015-01-01 01:58:07.224"
"P01";"225";"642";"t";"2015-01-01 01:58:07.224";"2015-01-01 01:59:06.199"
"P01";"228";"642";"t";"2015-01-01 01:59:06.199";"2015-01-01 02:00:05.2"
"P01";"226";"642";"t";"2015-01-01 02:00:05.2";"2015-01-01 02:02:03.201"
"P01";"228";"642";"t";"2015-01-01 02:02:03.201";"2015-01-01 02:04:01.204"
"P01";"229";"642";"t";"2015-01-01 02:04:01.204";"2015-01-01 02:05:00.205"
"P01";"231";"642";"t";"2015-01-01 02:05:00.205";"2015-01-01 02:05:59.203"
"P01";"234";"642";"t";"2015-01-01 02:05:59.203";"2015-01-01 02:07:57.202"
"P01";"235";"642";"t";"2015-01-01 02:07:57.202";"2015-01-01 02:08:56.203"
"P01";"236";"642";"t";"2015-01-01 02:08:56.203";"2015-01-01 02:10:54.202"
"P01";"237";"642";"t";"2015-01-01 02:10:54.202";"2015-01-01 02:11:53.198"
"P01";"238";"642";"t";"2015-01-01 02:11:53.198";"2015-01-01 02:12:52.199"
"P01";"242";"642";"t";"2015-01-01 02:12:52.199";"2015-01-01 02:13:51.224"
"P01";"240";"642";"t";"2015-01-01 02:13:51.224";"2015-01-01 02:14:50.205"
"P01";"241";"642";"t";"2015-01-01 02:14:50.205";"2015-01-01 02:16:48.206"
"P01";"242";"642";"t";"2015-01-01 02:16:48.206";"2015-01-01 02:17:47.207"
"P01";"243";"642";"t";"2015-01-01 02:17:47.207";"2015-01-01 02:18:46.202"
"P01";"245";"642";"t";"2015-01-01 02:18:46.202";"2015-01-01 02:19:45.206"
"P01";"246";"642";"t";"2015-01-01 02:19:45.206";"2015-01-01 02:21:43.203"
"P01";"247";"642";"t";"2015-01-01 02:21:43.203";"2015-01-01 02:22:42.201"
"P01";"248";"642";"t";"2015-01-01 02:22:42.201";"2015-01-01 02:23:41.206"
"P01";"249";"642";"t";"2015-01-01 02:23:41.206";"2015-01-01 02:25:39.248"
"P01";"251";"642";"t";"2015-01-01 02:25:39.248";"2015-01-01 02:26:38.216"
"P01";"252";"642";"t";"2015-01-01 02:26:38.216";"2015-01-01 02:28:36.224"
"P01";"251";"642";"t";"2015-01-01 02:28:36.224";"2015-01-01 02:29:35.224"
"P01";"249";"642";"t";"2015-01-01 02:29:35.224";"2015-01-01 02:30:34.208"
"P01";"251";"642";"t";"2015-01-01 02:30:34.208";"2015-01-01 02:31:33.216"
"P01";"252";"642";"t";"2015-01-01 02:31:33.216";"2015-01-01 02:32:32.224"
"P01";"254";"642";"t";"2015-01-01 02:32:32.224";"2015-01-01 02:34:30.233"
"P01";"253";"642";"t";"2015-01-01 02:34:30.233";"2015-01-01 02:35:29.215"
"P01";"254";"642";"t";"2015-01-01 02:35:29.215";"2015-01-01 02:37:27.369"
"P01";"253";"642";"t";"2015-01-01 02:37:27.369";"2015-01-01 02:38:26.223"
"P01";"254";"642";"t";"2015-01-01 02:38:26.223";"2015-01-01 02:39:25.216"
"P01";"256";"642";"t";"2015-01-01 02:39:25.216";"2015-01-01 02:42:22.2"
"P01";"255";"642";"t";"2015-01-01 02:42:22.2";"2015-01-01 02:43:21.201"
"P01";"256";"642";"t";"2015-01-01 02:43:21.201";"2015-01-01 02:44:20.206"
"P01";"257";"642";"t";"2015-01-01 02:44:20.206";"2015-01-01 02:47:17.197"
"P01";"256";"642";"t";"2015-01-01 02:47:17.197";"2015-01-01 02:48:16.202"
"P01";"255";"642";"t";"2015-01-01 02:48:16.202";"2015-01-01 02:49:15.209"
"P01";"256";"642";"t";"2015-01-01 02:49:15.209";"2015-01-01 02:51:13.204"
"P01";"257";"642";"t";"2015-01-01 02:51:13.204";"2015-01-01 02:52:12.202"
"P01";"258";"642";"t";"2015-01-01 02:52:12.201";"2015-01-01 02:54:10.209"
"P01";"259";"642";"t";"2015-01-01 02:54:10.209";"2015-01-01 02:55:09.214"
"P01";"261";"642";"t";"2015-01-01 02:55:09.214";"2015-01-01 02:56:08.202"
"P01";"264";"642";"t";"2015-01-01 02:56:08.202";"2015-01-01 02:57:07.306"
"P01";"266";"642";"t";"2015-01-01 02:57:07.306";"2015-01-01 02:59:05.202"
"P01";"267";"642";"t";"2015-01-01 02:59:05.202";"2015-01-01 03:00:04.202"
"P01";"268";"642";"t";"2015-01-01 03:00:04.202";"2015-01-01 03:01:03.211"
"P01";"266";"642";"t";"2015-01-01 03:01:03.211";"2015-01-01 03:03:01.202"
"P01";"268";"642";"t";"2015-01-01 03:03:01.202";"2015-01-01 03:04:00.204"
"P01";"269";"642";"t";"2015-01-01 03:04:00.204";"2015-01-01 03:05:58.212"
"P01";"270";"642";"t";"2015-01-01 03:05:58.212";"2015-01-01 03:06:57.203"
"P01";"271";"642";"t";"2015-01-01 03:06:57.203";"2015-01-01 03:07:56.203"
"P01";"272";"642";"t";"2015-01-01 03:07:56.203";"2015-01-01 03:08:55.209"
"P01";"274";"642";"t";"2015-01-01 03:08:55.209";"2015-01-01 03:09:54.205"
"P01";"275";"642";"t";"2015-01-01 03:09:54.205";"2015-01-01 03:09:54.331"
"P01";"272";"642";"t";"2015-01-01 03:09:54.331";"2015-01-01 03:11:52.199"
"P01";"271";"642";"t";"2015-01-01 03:11:52.199";"2015-01-01 03:13:50.205"
"P01";"274";"642";"t";"2015-01-01 03:13:50.205";"2015-01-01 03:14:49.199"
"P01";"275";"642";"t";"2015-01-01 03:14:49.199";"2015-01-01 03:16:47.208"
"P01";"276";"642";"t";"2015-01-01 03:16:47.208";"2015-01-01 03:17:46.206"
"P01";"277";"642";"t";"2015-01-01 03:17:46.206";"2015-01-01 03:19:44.203"
"P01";"281";"642";"t";"2015-01-01 03:19:44.203";"2015-01-01 03:20:43.202"
"P01";"280";"642";"t";"2015-01-01 03:20:43.202";"2015-01-01 03:21:42.209"
"P01";"282";"642";"t";"2015-01-01 03:21:42.209";"2015-01-01 03:24:39.213"
"P01";"286";"642";"t";"2015-01-01 03:24:39.213";"2015-01-01 03:25:38.202"
"P01";"287";"642";"t";"2015-01-01 03:25:38.202";"2015-01-01 03:26:37.197"
"P01";"288";"642";"t";"2015-01-01 03:26:37.197";"2015-01-01 03:28:35.214"
"P01";"290";"642";"t";"2015-01-01 03:28:35.214";"2015-01-01 03:30:33.199"
"P01";"291";"642";"t";"2015-01-01 03:30:33.199";"2015-01-01 03:31:32.2"
"P01";"292";"642";"t";"2015-01-01 03:31:32.2";"2015-01-01 03:32:31.205"
"P01";"293";"642";"t";"2015-01-01 03:32:31.205";"2015-01-01 03:34:29.209"
"P01";"295";"642";"t";"2015-01-01 03:34:29.209";"2015-01-01 03:35:28.202"
"P01";"296";"642";"t";"2015-01-01 03:35:28.202";"2015-01-01 03:36:27.199"
"P01";"295";"642";"t";"2015-01-01 03:36:27.199";"2015-01-01 03:37:26.204"
"P01";"294";"642";"t";"2015-01-01 03:37:26.204";"2015-01-01 03:39:24.207"
"P01";"296";"642";"t";"2015-01-01 03:39:24.207";"2015-01-01 03:40:23.219"
"P01";"298";"642";"t";"2015-01-01 03:40:23.219";"2015-01-01 03:41:22.222"
"P01";"299";"642";"t";"2015-01-01 03:41:22.222";"2015-01-01 03:43:20.225"
"P01";"298";"642";"t";"2015-01-01 03:43:20.225";"2015-01-01 03:44:19.196"
"P01";"299";"642";"t";"2015-01-01 03:44:19.196";"2015-01-01 03:45:18.225"
"P01";"298";"642";"t";"2015-01-01 03:45:18.225";"2015-01-01 03:46:17.221"
"P01";"302";"642";"t";"2015-01-01 03:46:17.221";"2015-01-01 03:47:16.184"
"P01";"301";"642";"t";"2015-01-01 03:47:16.184";"2015-01-01 03:48:15.239"
"P01";"302";"642";"t";"2015-01-01 03:48:15.239";"2015-01-01 03:50:13.221"
"P01";"303";"642";"t";"2015-01-01 03:50:13.221";"2015-01-01 03:51:12.219"
"P01";"304";"642";"t";"2015-01-01 03:51:12.219";"2015-01-01 03:52:11.22"
"P01";"305";"642";"t";"2015-01-01 03:52:11.22";"2015-01-01 03:54:09.224"
"P01";"308";"642";"t";"2015-01-01 03:54:09.224";"2015-01-01 03:55:08.202"
"P01";"309";"642";"t";"2015-01-01 03:55:08.202";"2015-01-01 03:56:07.198"
"P01";"311";"642";"t";"2015-01-01 03:56:07.198";"2015-01-01 03:57:06.204"
"P01";"312";"642";"t";"2015-01-01 03:57:06.204";"2015-01-01 03:59:04.206"
"P01";"313";"642";"t";"2015-01-01 03:59:04.206";"2015-01-01 04:00:03.198"
"P01";"314";"642";"t";"2015-01-01 04:00:03.198";"2015-01-01 04:02:01.202"
"P01";"313";"642";"t";"2015-01-01 04:02:01.202";"2015-01-01 04:03:59.203"
"P01";"315";"642";"t";"2015-01-01 04:03:59.203";"2015-01-01 04:07:55.203"
"P01";"317";"642";"t";"2015-01-01 04:07:55.203";"2015-01-01 04:08:54.203"
"P01";"319";"642";"t";"2015-01-01 04:08:54.203";"2015-01-01 04:09:53.408"
"P01";"318";"642";"t";"2015-01-01 04:09:53.408";"2015-01-01 04:11:51.219"
"P01";"319";"642";"t";"2015-01-01 04:11:51.219";"2015-01-01 04:15:47.191"
"P01";"320";"642";"t";"2015-01-01 04:15:47.191";"2015-01-01 04:17:45.195"
"P01";"323";"642";"t";"2015-01-01 04:17:45.195";"2015-01-01 04:18:44.195"
"P01";"324";"642";"t";"2015-01-01 04:18:44.195";"2015-01-01 04:19:43.22"
"P01";"325";"642";"t";"2015-01-01 04:19:43.22";"2015-01-01 04:20:42.216"
"P01";"324";"642";"t";"2015-01-01 04:20:42.216";"2015-01-01 04:22:40.201"
"P01";"323";"642";"t";"2015-01-01 04:22:40.201";"2015-01-01 04:23:39.213"
"P01";"324";"642";"t";"2015-01-01 04:23:39.213";"2015-01-01 04:26:36.2"
"P01";"323";"642";"t";"2015-01-01 04:26:36.2";"2015-01-01 04:29:33.2"
"P01";"325";"642";"t";"2015-01-01 04:29:33.2";"2015-01-01 04:31:31.201"
"P01";"326";"642";"t";"2015-01-01 04:31:31.201";"2015-01-01 04:32:30.22"
"P01";"327";"642";"t";"2015-01-01 04:32:30.22";"2015-01-01 04:33:29.213"
"P01";"330";"642";"t";"2015-01-01 04:33:29.213";"2015-01-01 04:34:28.202"
"P01";"329";"642";"t";"2015-01-01 04:34:28.202";"2015-01-01 04:35:27.201"
"P01";"332";"642";"t";"2015-01-01 04:35:27.201";"2015-01-01 04:37:25.202"
"P01";"333";"642";"t";"2015-01-01 04:37:25.202";"2015-01-01 04:38:24.203"
"P01";"334";"642";"t";"2015-01-01 04:38:24.203";"2015-01-01 04:43:19.201"
"P01";"335";"642";"t";"2015-01-01 04:43:19.201";"2015-01-01 04:45:17.201"
"P01";"336";"642";"t";"2015-01-01 04:45:17.201";"2015-01-01 04:46:16.209"
"P01";"337";"642";"t";"2015-01-01 04:46:16.209";"2015-01-01 04:47:15.197"
"P01";"338";"642";"t";"2015-01-01 04:47:15.197";"2015-01-01 04:49:13.215"
"P01";"340";"642";"t";"2015-01-01 04:49:13.215";"2015-01-01 04:51:11.202"
"P01";"341";"642";"t";"2015-01-01 04:51:11.202";"2015-01-01 04:59:03.206"
"P01";"344";"642";"t";"2015-01-01 04:59:03.206";"2015-01-01 05:01:01.203"
"P01";"346";"642";"t";"2015-01-01 05:01:01.203";"2015-01-01 05:03:58.203"
"P01";"347";"642";"t";"2015-01-01 05:03:58.203";"2015-01-01 05:04:57.202"
"P01";"348";"642";"t";"2015-01-01 05:04:57.202";"2015-01-01 05:06:55.206"
"P01";"349";"642";"t";"2015-01-01 05:06:55.206";"2015-01-01 05:07:54.241"
"P01";"350";"642";"t";"2015-01-01 05:07:54.241";"2015-01-01 05:10:51.199"
"P01";"351";"642";"t";"2015-01-01 05:10:51.199";"2015-01-01 05:11:50.201"
"P01";"352";"642";"t";"2015-01-01 05:11:50.201";"2015-01-01 05:13:48.199"
"P01";"354";"642";"t";"2015-01-01 05:13:48.199";"2015-01-01 05:17:44.202"
"P01";"355";"642";"t";"2015-01-01 05:17:44.202";"2015-01-01 05:23:38.211"
"P01";"357";"642";"t";"2015-01-01 05:23:38.211";"2015-01-01 05:26:35.199"
"P01";"358";"642";"t";"2015-01-01 05:26:35.199";"2015-01-01 05:27:34.207"
"P01";"357";"642";"t";"2015-01-01 05:27:34.207";"2015-01-01 05:31:30.201"
"P01";"358";"642";"t";"2015-01-01 05:31:30.201";"2015-01-01 05:32:29.2"
"P01";"360";"642";"t";"2015-01-01 05:32:29.2";"2015-01-01 05:34:27.202"
"P01";"361";"642";"t";"2015-01-01 05:34:27.202";"2015-01-01 05:35:26.199"
"P01";"362";"642";"t";"2015-01-01 05:35:26.199";"2015-01-01 05:36:25.294"
"P01";"363";"642";"t";"2015-01-01 05:36:25.294";"2015-01-01 05:39:22.35"
"P01";"364";"642";"t";"2015-01-01 05:39:22.35";"2015-01-01 05:40:21.202"
"P01";"365";"642";"t";"2015-01-01 05:40:21.202";"2015-01-01 05:42:19.2"
"P01";"366";"642";"t";"2015-01-01 05:42:19.2";"2015-01-01 05:44:17.2"
"P01";"365";"642";"t";"2015-01-01 05:44:17.2";"2015-01-01 05:45:16.21"
"P01";"366";"642";"t";"2015-01-01 05:45:16.21";"2015-01-01 05:46:15.2"
"P01";"367";"642";"t";"2015-01-01 05:46:15.2";"2015-01-01 05:48:13.211"
"P01";"368";"642";"t";"2015-01-01 05:48:13.211";"2015-01-01 05:49:12.212"
"P01";"369";"642";"t";"2015-01-01 05:49:12.212";"2015-01-01 05:52:09.212"
"P01";"370";"642";"t";"2015-01-01 05:52:09.212";"2015-01-01 05:53:08.203"
"P01";"372";"642";"t";"2015-01-01 05:53:08.203";"2015-01-01 05:55:06.199"
"P01";"373";"642";"t";"2015-01-01 05:55:06.199";"2015-01-01 05:56:05.201"
"P01";"374";"642";"t";"2015-01-01 05:56:05.201";"2015-01-01 05:58:03.2"
"P01";"373";"642";"t";"2015-01-01 05:58:03.2";"2015-01-01 05:59:02.2"
"P01";"372";"642";"t";"2015-01-01 05:59:02.2";"2015-01-01 06:01:00.202"
"P01";"373";"642";"t";"2015-01-01 06:01:00.202";"2015-01-01 06:10:50.2"
"P01";"374";"642";"t";"2015-01-01 06:10:50.2";"2015-01-01 06:15:49.696"
"P01";"375";"642";"t";"2015-01-01 06:15:49.696";"2015-01-01 06:20:40.214"
"P01";"376";"642";"t";"2015-01-01 06:20:40.214";"2015-01-01 06:24:50.929"
"P01";"377";"642";"t";"2015-01-01 06:24:50.929";"2015-01-01 06:25:35.215"
"P01";"378";"642";"t";"2015-01-01 06:25:35.215";"2015-01-01 06:34:26.217"
"P01";"379";"642";"t";"2015-01-01 06:34:26.217";"2015-01-01 06:38:22.219"
"P01";"380";"642";"t";"2015-01-01 06:38:22.219";"2015-01-01 06:41:19.213"
"P01";"381";"642";"t";"2015-01-01 06:41:19.213";"2015-01-01 06:43:17.224"
"P01";"382";"642";"t";"2015-01-01 06:43:17.224";"2015-01-01 07:12:50.592"
"P01";"383";"642";"t";"2015-01-01 07:12:50.592";"2015-01-01 07:16:43.202"
"P01";"384";"642";"t";"2015-01-01 07:16:43.202";"2015-01-01 07:20:43.025"
"P01";"383";"642";"t";"2015-01-01 07:20:43.025";"2015-01-01 07:21:39.168"
"P01";"382";"642";"t";"2015-01-01 07:21:39.168";"2015-01-01 07:27:33.445"
"P01";"384";"642";"t";"2015-01-01 07:27:33.445";"2015-01-01 07:33:31.087"
"P01";"386";"642";"t";"2015-01-01 07:33:31.087";"2015-01-01 07:38:21.328"
"P01";"387";"642";"t";"2015-01-01 07:38:21.328";"2015-01-01 07:43:16.21"
"P01";"388";"642";"t";"2015-01-01 07:43:16.21";"2015-01-01 07:48:26.107"
"P01";"389";"642";"t";"2015-01-01 07:48:26.107";"2015-01-01 07:53:06.203"
"P01";"388";"642";"t";"2015-01-01 07:53:06.203";"2015-01-01 07:54:12.496"
"P01";"389";"642";"t";"2015-01-01 07:54:12.496";"2015-01-01 08:00:15.955"
"P01";"391";"642";"t";"2015-01-01 08:00:15.955";"2015-01-01 08:06:52.193"
"P01";"392";"642";"t";"2015-01-01 08:06:52.193";"2015-01-01 08:10:48.198"
"P01";"393";"642";"t";"2015-01-01 08:10:48.198";"2015-01-01 08:12:46.756"
"P01";"394";"642";"t";"2015-01-01 08:12:46.756";"2015-01-01 08:14:46.664"
"P01";"395";"642";"t";"2015-01-01 08:14:46.664";"2015-01-01 08:26:33.449"
"P01";"396";"642";"t";"2015-01-01 08:26:33.449";"2015-01-01 08:41:18.038"
"P01";"397";"642";"t";"2015-01-01 08:41:18.038";"2015-01-01 08:58:59.34"
"P01";"398";"642";"t";"2015-01-01 08:58:59.34";"2015-01-01 09:00:09.525"
"P01";"399";"642";"t";"2015-01-01 09:00:09.525";"2015-01-01 09:14:46.672"
"P01";"398";"642";"t";"2015-01-01 09:14:46.672";"2015-01-01 09:23:52.698"
"P01";"399";"642";"t";"2015-01-01 09:23:52.698";"2015-01-01 09:25:32.208"
"P01";"398";"642";"t";"2015-01-01 09:25:32.208";"2015-01-01 09:28:29.204"
"P01";"399";"642";"t";"2015-01-01 09:28:29.204";"2015-01-01 09:29:35.091"
"P01";"398";"642";"t";"2015-01-01 09:29:35.091";"2015-01-01 09:32:44.833"
"P01";"399";"642";"t";"2015-01-01 09:32:44.833";"2015-01-01 09:40:17.201"
"P01";"398";"642";"t";"2015-01-01 09:40:17.201";"2015-01-01 09:46:11.2"
"P01";"397";"642";"t";"2015-01-01 09:46:11.2";"2015-01-01 09:48:09.736"
"P01";"398";"642";"t";"2015-01-01 09:48:09.736";"2015-01-01 09:55:02.219"
"P01";"399";"642";"t";"2015-01-01 09:55:02.219";"2015-01-01 10:01:57.072"
"P01";"400";"642";"t";"2015-01-01 10:01:57.072";"2015-01-01 10:05:51.203"
"P01";"401";"642";"t";"2015-01-01 10:05:51.203";"2015-01-01 10:08:51.881"
"P01";"402";"642";"t";"2015-01-01 10:08:51.881";"2015-01-01 10:13:45.578"
"P01";"405";"642";"t";"2015-01-01 10:13:45.578";"2015-01-01 10:27:29.199"
"P01";"404";"642";"t";"2015-01-01 10:27:29.199";"2015-01-01 10:30:26.201"
"P01";"405";"642";"t";"2015-01-01 10:30:26.201";"2015-01-01 10:34:22.419"
"P01";"406";"642";"t";"2015-01-01 10:34:22.419";"2015-01-01 10:37:19.203"
"P01";"407";"642";"t";"2015-01-01 10:37:19.203";"2015-01-01 10:43:13.216"
"P01";"408";"642";"t";"2015-01-01 10:43:13.216";"2015-01-01 10:44:27.181"
"P01";"409";"642";"t";"2015-01-01 10:44:27.181";"2015-01-01 10:45:11.2"
"P01";"410";"642";"t";"2015-01-01 10:45:11.2";"2015-01-01 10:47:22.853"
"P01";"412";"642";"t";"2015-01-01 10:47:22.853";"2015-01-01 10:49:07.201"
"P01";"413";"642";"t";"2015-01-01 10:49:07.201";"2015-01-01 10:51:05.213"
"P01";"415";"642";"t";"2015-01-01 10:51:05.213";"2015-01-01 10:55:01.199"
"P01";"418";"642";"t";"2015-01-01 10:55:01.199";"2015-01-01 10:56:59.2"
"P01";"419";"642";"t";"2015-01-01 10:56:59.2";"2015-01-01 10:59:10.896"
"P01";"416";"642";"t";"2015-01-01 10:59:10.896";"2015-01-01 10:59:56.454"
"P01";"417";"642";"t";"2015-01-01 10:59:56.454";"2015-01-01 11:05:50.209"
"P01";"418";"642";"t";"2015-01-01 11:05:50.209";"2015-01-01 11:09:46.202"
"P01";"419";"642";"t";"2015-01-01 11:09:46.202";"2015-01-01 11:10:56.801"
"P01";"420";"642";"t";"2015-01-01 11:10:56.801";"2015-01-01 11:12:43.199"
"P01";"421";"642";"t";"2015-01-01 11:12:43.199";"2015-01-01 11:13:44.794"
"P01";"422";"642";"t";"2015-01-01 11:13:44.794";"2015-01-01 11:15:40.202"
"P01";"423";"642";"t";"2015-01-01 11:15:40.202";"2015-01-01 11:18:37.224"
"P01";"424";"642";"t";"2015-01-01 11:18:37.224";"2015-01-01 11:19:47.467"
"P01";"423";"642";"t";"2015-01-01 11:19:47.467";"2015-01-01 11:20:35.236"
"P01";"424";"642";"t";"2015-01-01 11:20:35.236";"2015-01-01 11:24:31.226"
"P01";"426";"642";"t";"2015-01-01 11:24:31.226";"2015-01-01 11:25:35.547"
"P01";"425";"642";"t";"2015-01-01 11:25:35.547";"2015-01-01 11:28:28.498"
"P01";"426";"642";"t";"2015-01-01 11:28:28.498";"2015-01-01 11:29:26.213"
"P01";"427";"642";"t";"2015-01-01 11:29:26.213";"2015-01-01 11:31:28.365"
"P01";"426";"642";"t";"2015-01-01 11:31:28.365";"2015-01-01 11:32:25.743"
"P01";"427";"642";"t";"2015-01-01 11:32:25.743";"2015-01-01 11:34:23.216"
"P01";"423";"642";"t";"2015-01-01 11:34:23.216";"2015-01-01 11:35:25.062"
"P01";"425";"642";"t";"2015-01-01 11:35:25.062";"2015-01-01 11:38:17.207"
"P01";"424";"642";"t";"2015-01-01 11:38:17.207";"2015-01-01 11:39:16.208"
"P01";"425";"642";"t";"2015-01-01 11:39:16.208";"2015-01-01 11:40:16.066"
"P01";"426";"642";"t";"2015-01-01 11:40:16.066";"2015-01-01 11:41:14.216"
"P01";"427";"642";"t";"2015-01-01 11:41:14.216";"2015-01-01 11:42:13.222"
"P01";"426";"642";"t";"2015-01-01 11:42:13.222";"2015-01-01 11:47:20.338"
"P01";"427";"642";"t";"2015-01-01 11:47:20.338";"2015-01-01 11:48:07.201"
"P01";"428";"642";"t";"2015-01-01 11:48:07.201";"2015-01-01 11:49:06.273"
"P01";"429";"642";"t";"2015-01-01 11:49:06.273";"2015-01-01 11:53:02.225"
"P01";"432";"642";"t";"2015-01-01 11:53:02.225";"2015-01-01 11:55:00.816"
"P01";"431";"642";"t";"2015-01-01 11:55:00.816";"2015-01-01 11:56:07.901"
"P01";"430";"642";"t";"2015-01-01 11:56:07.901";"2015-01-01 11:59:07.776"
"P01";"429";"642";"t";"2015-01-01 11:59:07.776";"2015-01-01 12:00:54.219"
"P01";"430";"642";"t";"2015-01-01 12:00:54.219";"2015-01-01 12:01:53.789"
"P01";"432";"642";"t";"2015-01-01 12:01:53.789";"2015-01-01 12:03:51.217"
"P01";"430";"642";"t";"2015-01-01 12:03:51.217";"2015-01-01 12:04:53.723"
"P01";"431";"642";"t";"2015-01-01 12:04:53.723";"2015-01-01 12:05:49.206"
"P01";"430";"642";"t";"2015-01-01 12:05:49.206";"2015-01-01 12:06:48.217"
"P01";"431";"642";"t";"2015-01-01 12:06:48.217";"2015-01-01 12:07:57.582"
"P01";"432";"642";"t";"2015-01-01 12:07:57.582";"2015-01-01 12:08:46.201"
"P01";"433";"642";"t";"2015-01-01 12:08:46.201";"2015-01-01 12:09:45.203"
"P01";"434";"642";"t";"2015-01-01 12:09:45.203";"2015-01-01 12:14:40.205"
"P01";"433";"642";"t";"2015-01-01 12:14:40.205";"2015-01-01 12:15:39.226"
"P01";"434";"642";"t";"2015-01-01 12:15:39.226";"2015-01-01 12:16:44.744"
"P01";"432";"642";"t";"2015-01-01 12:16:44.744";"2015-01-01 12:20:34.213"
"P01";"433";"642";"t";"2015-01-01 12:20:34.213";"2015-01-01 12:21:33.201"
"P01";"434";"642";"t";"2015-01-01 12:21:33.201";"2015-01-01 12:24:30.16"
"P01";"435";"642";"t";"2015-01-01 12:24:30.16";"2015-01-01 12:25:33.954"
"P01";"433";"642";"t";"2015-01-01 12:25:33.954";"2015-01-01 12:26:28.213"
"P01";"432";"642";"t";"2015-01-01 12:26:28.213";"2015-01-01 12:28:37.224"
"P01";"431";"642";"t";"2015-01-01 12:28:37.224";"2015-01-01 12:31:45.509"
"P01";"428";"642";"t";"2015-01-01 12:31:45.509";"2015-01-01 12:32:22.216"
"P01";"429";"642";"t";"2015-01-01 12:32:22.216";"2015-01-01 12:33:21.203"
"P01";"430";"642";"t";"2015-01-01 12:33:21.203";"2015-01-01 12:34:33.455"
"P01";"431";"642";"t";"2015-01-01 12:34:33.455";"2015-01-01 12:36:18.204"
"P01";"430";"642";"t";"2015-01-01 12:36:18.204";"2015-01-01 12:38:16.203"
"P01";"431";"642";"t";"2015-01-01 12:38:16.203";"2015-01-01 12:39:15.203"
"P01";"430";"642";"t";"2015-01-01 12:39:15.203";"2015-01-01 12:40:16.129"
"P01";"431";"642";"t";"2015-01-01 12:40:16.129";"2015-01-01 12:43:21.347"
"P01";"430";"642";"t";"2015-01-01 12:43:21.347";"2015-01-01 12:44:10.214"
"P01";"431";"642";"t";"2015-01-01 12:44:10.214";"2015-01-01 12:45:09.219"
"P01";"429";"642";"t";"2015-01-01 12:45:09.219";"2015-01-01 12:46:23.679"
"P01";"428";"642";"t";"2015-01-01 12:46:23.679";"2015-01-01 12:48:06.201"
"P01";"429";"642";"t";"2015-01-01 12:48:06.201";"2015-01-01 12:50:04.201"
"P01";"428";"642";"t";"2015-01-01 12:50:04.201";"2015-01-01 12:51:03.206"
"P01";"426";"642";"t";"2015-01-01 12:51:03.206";"2015-01-01 12:52:03.613"
"P01";"425";"642";"t";"2015-01-01 12:52:03.613";"2015-01-01 12:54:00.203"
"P01";"424";"642";"t";"2015-01-01 12:54:00.203";"2015-01-01 12:56:00.854"
"P01";"425";"642";"t";"2015-01-01 12:56:00.854";"2015-01-01 12:56:57.197"
"P01";"424";"642";"t";"2015-01-01 12:56:57.197";"2015-01-01 12:57:58.234"
"P01";"425";"642";"t";"2015-01-01 12:57:58.234";"2015-01-01 12:59:00.092"
"P01";"424";"642";"t";"2015-01-01 12:59:00.092";"2015-01-01 12:59:54.226"
"P01";"422";"642";"t";"2015-01-01 12:59:54.226";"2015-01-01 13:00:53.405"
"P01";"423";"642";"t";"2015-01-01 13:00:53.405";"2015-01-01 13:01:52.222"
"P01";"422";"642";"t";"2015-01-01 13:01:52.222";"2015-01-01 13:02:51.194"
"P01";"420";"642";"t";"2015-01-01 13:02:51.194";"2015-01-01 13:06:54.35"
"P01";"419";"642";"t";"2015-01-01 13:06:54.35";"2015-01-01 13:07:55.197"
"P01";"417";"642";"t";"2015-01-01 13:07:55.197";"2015-01-01 13:08:45.202"
"P01";"419";"642";"t";"2015-01-01 13:08:45.202";"2015-01-01 13:09:44.402"
"P01";"418";"642";"t";"2015-01-01 13:09:44.402";"2015-01-01 13:10:48.502"
"P01";"419";"642";"t";"2015-01-01 13:10:48.502";"2015-01-01 13:11:42.211"
"P01";"420";"642";"t";"2015-01-01 13:11:42.211";"2015-01-01 13:12:41.703"
"P01";"416";"642";"t";"2015-01-01 13:12:41.703";"2015-01-01 13:13:40.196"
"P01";"417";"642";"t";"2015-01-01 13:13:40.196";"2015-01-01 13:15:38.351"
"P01";"416";"642";"t";"2015-01-01 13:15:38.351";"2015-01-01 13:17:36.202"
"P01";"415";"642";"t";"2015-01-01 13:17:36.202";"2015-01-01 13:23:30.209"
"P01";"417";"642";"t";"2015-01-01 13:23:30.209";"2015-01-01 13:25:28.726"
"P01";"418";"642";"t";"2015-01-01 13:25:28.726";"2015-01-01 13:26:27.215"
"P01";"414";"642";"t";"2015-01-01 13:26:27.215";"2015-01-01 13:29:24.202"
"P01";"413";"642";"t";"2015-01-01 13:29:24.202";"2015-01-01 13:30:23.428"
"P01";"411";"642";"t";"2015-01-01 13:30:23.428";"2015-01-01 13:34:26.475"
"P01";"410";"642";"t";"2015-01-01 13:34:26.475";"2015-01-01 13:35:18.225"
"P01";"408";"642";"t";"2015-01-01 13:35:18.225";"2015-01-01 13:36:17.25"
"P01";"411";"642";"t";"2015-01-01 13:36:17.25";"2015-01-01 13:39:14.865"
"P01";"413";"642";"t";"2015-01-01 13:39:14.865";"2015-01-01 13:40:15.202"
"P01";"412";"642";"t";"2015-01-01 13:40:15.202";"2015-01-01 13:42:11.207"
"P01";"413";"642";"t";"2015-01-01 13:42:11.207";"2015-01-01 13:43:29.553"
"P01";"410";"642";"t";"2015-01-01 13:43:29.553";"2015-01-01 13:45:08.209"
"P01";"412";"642";"t";"2015-01-01 13:45:08.209";"2015-01-01 13:46:20.345"
"P01";"413";"642";"t";"2015-01-01 13:46:20.345";"2015-01-01 13:47:06.206"
"P01";"412";"642";"t";"2015-01-01 13:47:06.206";"2015-01-01 13:48:05.204"
"P01";"410";"642";"t";"2015-01-01 13:48:05.204";"2015-01-01 13:49:08.134"
"P01";"411";"642";"t";"2015-01-01 13:49:08.134";"2015-01-01 13:50:03.217"
"P01";"410";"642";"t";"2015-01-01 13:50:03.217";"2015-01-01 13:51:02.206"
"P01";"409";"642";"t";"2015-01-01 13:51:02.206";"2015-01-01 13:52:09.047"
"P01";"407";"642";"t";"2015-01-01 13:52:09.047";"2015-01-01 13:55:57.199"
"P01";"408";"642";"t";"2015-01-01 13:55:57.199";"2015-01-01 13:56:56.201"
"P01";"406";"642";"t";"2015-01-01 13:56:56.201";"2015-01-01 13:58:10.646"
"P01";"405";"642";"t";"2015-01-01 13:58:10.646";"2015-01-01 14:00:58.928"
"P01";"406";"642";"t";"2015-01-01 14:00:58.928";"2015-01-01 14:01:51.213"
"P01";"404";"642";"t";"2015-01-01 14:01:51.213";"2015-01-01 14:02:50.219"
"P01";"401";"642";"t";"2015-01-01 14:02:50.219";"2015-01-01 14:04:02.296"
"P01";"399";"642";"t";"2015-01-01 14:04:02.296";"2015-01-01 14:04:48.187"
"P01";"398";"642";"t";"2015-01-01 14:04:48.187";"2015-01-01 14:05:47.218"
"P01";"396";"642";"t";"2015-01-01 14:05:47.218";"2015-01-01 14:07:03.952"
"P01";"397";"642";"t";"2015-01-01 14:07:03.952";"2015-01-01 14:07:45.311"
"P01";"398";"642";"t";"2015-01-01 14:07:45.311";"2015-01-01 14:08:44.224"
"P01";"400";"642";"t";"2015-01-01 14:08:44.224";"2015-01-01 14:09:48.202"
"P01";"397";"642";"t";"2015-01-01 14:09:48.202";"2015-01-01 14:10:42.209"
"P01";"396";"642";"t";"2015-01-01 14:10:42.209";"2015-01-01 14:11:41.201"
"P01";"398";"642";"t";"2015-01-01 14:11:41.201";"2015-01-01 14:12:40.593"
"P01";"399";"642";"t";"2015-01-01 14:12:40.593";"2015-01-01 14:14:38.199"
"P01";"400";"642";"t";"2015-01-01 14:14:38.199";"2015-01-01 14:17:35.213"
"P01";"399";"642";"t";"2015-01-01 14:17:35.213";"2015-01-01 14:18:40.208"
"P01";"398";"642";"t";"2015-01-01 14:18:40.208";"2015-01-01 14:19:34.773"
"P01";"397";"642";"t";"2015-01-01 14:19:34.773";"2015-01-01 14:20:32.22"
"P01";"398";"642";"t";"2015-01-01 14:20:32.22";"2015-01-01 14:21:34.153"
"P01";"396";"642";"t";"2015-01-01 14:21:34.153";"2015-01-01 14:22:33.744"
"P01";"395";"642";"t";"2015-01-01 14:22:33.744";"2015-01-01 14:23:29.205"
"P01";"396";"642";"t";"2015-01-01 14:23:29.205";"2015-01-01 14:24:28.988"
"P01";"394";"642";"t";"2015-01-01 14:24:28.988";"2015-01-01 14:26:26.231"
"P01";"393";"642";"t";"2015-01-01 14:26:26.231";"2015-01-01 14:29:23.199"
"P01";"392";"642";"t";"2015-01-01 14:29:23.199";"2015-01-01 14:30:30.483"
"P01";"393";"642";"t";"2015-01-01 14:30:30.483";"2015-01-01 14:31:26.499"
"P01";"394";"642";"t";"2015-01-01 14:31:26.499";"2015-01-01 14:32:20.199"
"P01";"393";"642";"t";"2015-01-01 14:32:20.199";"2015-01-01 14:35:17.213"
"P01";"394";"642";"t";"2015-01-01 14:35:17.213";"2015-01-01 14:36:16.338"
"P01";"395";"642";"t";"2015-01-01 14:36:16.338";"2015-01-01 14:37:15.214"
"P01";"394";"642";"t";"2015-01-01 14:37:15.214";"2015-01-01 14:38:14.317"
"P01";"396";"642";"t";"2015-01-01 14:38:14.317";"2015-01-01 14:40:12.473"
"P01";"394";"642";"t";"2015-01-01 14:40:12.473";"2015-01-01 14:41:11.2"
"P01";"392";"642";"t";"2015-01-01 14:41:11.2";"2015-01-01 14:44:08.203"
"P01";"391";"642";"t";"2015-01-01 14:44:08.203";"2015-01-01 14:45:07.549"
"P01";"393";"642";"t";"2015-01-01 14:45:07.549";"2015-01-01 14:48:04.233"
"P01";"391";"642";"t";"2015-01-01 14:48:04.233";"2015-01-01 14:49:03.239"
"P01";"390";"642";"t";"2015-01-01 14:49:03.239";"2015-01-01 14:51:02.124"
"P01";"389";"642";"t";"2015-01-01 14:51:02.124";"2015-01-01 14:52:00.261"
"P01";"390";"642";"t";"2015-01-01 14:52:00.261";"2015-01-01 14:52:59.211"
"P01";"388";"642";"t";"2015-01-01 14:52:59.211";"2015-01-01 14:55:09.219"
"P01";"387";"642";"t";"2015-01-01 14:55:09.219";"2015-01-01 14:55:56.212"
"P01";"385";"642";"t";"2015-01-01 14:55:56.212";"2015-01-01 14:56:55.225"
"P01";"384";"642";"t";"2015-01-01 14:56:55.225";"2015-01-01 14:58:53.202"
"P01";"386";"642";"t";"2015-01-01 14:58:53.202";"2015-01-01 14:59:52.208"
"P01";"385";"642";"t";"2015-01-01 14:59:52.208";"2015-01-01 15:00:53.954"
"P01";"384";"642";"t";"2015-01-01 15:00:53.954";"2015-01-01 15:01:50.202"
"P01";"385";"642";"t";"2015-01-01 15:01:50.202";"2015-01-01 15:03:53.628"
"P01";"386";"642";"t";"2015-01-01 15:03:53.628";"2015-01-01 15:05:46.211"
"P01";"385";"642";"t";"2015-01-01 15:05:46.211";"2015-01-01 15:07:04.783"
"P01";"382";"642";"t";"2015-01-01 15:07:04.783";"2015-01-01 15:07:44.211"
"P01";"379";"642";"t";"2015-01-01 15:07:44.211";"2015-01-01 15:09:52.358"
"P01";"380";"642";"t";"2015-01-01 15:09:52.358";"2015-01-01 15:10:41.214"
"P01";"379";"642";"t";"2015-01-01 15:10:41.214";"2015-01-01 15:12:46.642"
"P01";"378";"642";"t";"2015-01-01 15:12:46.642";"2015-01-01 15:14:37.2"
"P01";"379";"642";"t";"2015-01-01 15:14:37.2";"2015-01-01 15:15:41.297"
"P01";"377";"642";"t";"2015-01-01 15:15:41.297";"2015-01-01 15:16:35.233"
"P01";"379";"642";"t";"2015-01-01 15:16:35.233";"2015-01-01 15:17:34.2"
"P01";"376";"642";"t";"2015-01-01 15:17:34.2";"2015-01-01 15:18:53.842"
"P01";"373";"642";"t";"2015-01-01 15:18:53.842";"2015-01-01 15:19:32.216"
"P01";"374";"642";"t";"2015-01-01 15:19:32.216";"2015-01-01 15:20:31.184"
"P01";"376";"642";"t";"2015-01-01 15:20:31.184";"2015-01-01 15:22:29.219"
"P01";"374";"642";"t";"2015-01-01 15:22:29.219";"2015-01-01 15:24:39.279"
"P01";"371";"642";"t";"2015-01-01 15:24:39.279";"2015-01-01 15:26:25.203"
"P01";"370";"642";"t";"2015-01-01 15:26:25.203";"2015-01-01 15:27:33.132"
"P01";"371";"642";"t";"2015-01-01 15:27:33.132";"2015-01-01 15:28:23.2"
"P01";"372";"642";"t";"2015-01-01 15:28:23.2";"2015-01-01 15:29:22.249"
"P01";"370";"642";"t";"2015-01-01 15:29:22.249";"2015-01-01 15:31:20.228"
"P01";"371";"642";"t";"2015-01-01 15:31:20.228";"2015-01-01 15:32:19.198"
"P01";"372";"642";"t";"2015-01-01 15:32:19.198";"2015-01-01 15:33:27.808"
"P01";"373";"642";"t";"2015-01-01 15:33:27.808";"2015-01-01 15:34:17.232"
"P01";"374";"642";"t";"2015-01-01 15:34:17.232";"2015-01-01 15:35:16.212"
"P01";"376";"642";"t";"2015-01-01 15:35:16.212";"2015-01-01 15:38:13.206"
"P01";"377";"642";"t";"2015-01-01 15:38:13.206";"2015-01-01 15:39:18.397"
"P01";"375";"642";"t";"2015-01-01 15:39:18.397";"2015-01-01 15:40:11.206"
"P01";"374";"642";"t";"2015-01-01 15:40:11.206";"2015-01-01 15:41:10.199"
"P01";"376";"642";"t";"2015-01-01 15:41:10.199";"2015-01-01 15:42:26.531"
"P01";"375";"642";"t";"2015-01-01 15:42:26.531";"2015-01-01 15:43:10.692"
"P01";"374";"642";"t";"2015-01-01 15:43:10.692";"2015-01-01 15:44:07.199"
"P01";"376";"642";"t";"2015-01-01 15:44:07.199";"2015-01-01 15:52:58.205"
"P01";"377";"642";"t";"2015-01-01 15:52:58.205";"2015-01-01 15:54:04.042"
"P01";"376";"642";"t";"2015-01-01 15:54:04.042";"2015-01-01 15:55:01.887"
"P01";"381";"642";"t";"2015-01-01 15:55:01.887";"2015-01-01 15:55:55.203"
"P01";"382";"642";"t";"2015-01-01 15:55:55.203";"2015-01-01 15:58:52.202"
"P01";"381";"642";"t";"2015-01-01 15:58:52.202";"2015-01-01 15:59:51.381"
"P01";"382";"642";"t";"2015-01-01 15:59:51.381";"2015-01-01 16:00:50.203"
"P01";"384";"642";"t";"2015-01-01 16:00:50.203";"2015-01-01 16:02:48.67"
"P01";"383";"642";"t";"2015-01-01 16:02:48.67";"2015-01-01 16:03:47.222"
"P01";"384";"642";"t";"2015-01-01 16:03:47.222";"2015-01-01 16:04:46.218"
"P01";"383";"642";"t";"2015-01-01 16:04:46.218";"2015-01-01 16:05:46.342"
"P01";"381";"642";"t";"2015-01-01 16:05:46.342";"2015-01-01 16:06:52.47"
"P01";"380";"642";"t";"2015-01-01 16:06:52.47";"2015-01-01 16:07:43.221"
"P01";"381";"642";"t";"2015-01-01 16:07:43.221";"2015-01-01 16:11:39.339"
"P01";"380";"642";"t";"2015-01-01 16:11:39.339";"2015-01-01 16:12:38.388"
"P01";"381";"642";"t";"2015-01-01 16:12:38.388";"2015-01-01 16:15:37.62"
"P01";"380";"642";"t";"2015-01-01 16:15:37.62";"2015-01-01 16:16:34.203"
"P01";"382";"642";"t";"2015-01-01 16:16:34.203";"2015-01-01 16:20:30.361"
"P01";"380";"642";"t";"2015-01-01 16:20:30.361";"2015-01-01 16:21:33.282"
"P01";"379";"642";"t";"2015-01-01 16:21:33.282";"2015-01-01 16:22:28.205"
"P01";"380";"642";"t";"2015-01-01 16:22:28.205";"2015-01-01 16:24:26.206"
"P01";"379";"642";"t";"2015-01-01 16:24:26.206";"2015-01-01 16:25:25.216"
"P01";"380";"642";"t";"2015-01-01 16:25:25.216";"2015-01-01 16:26:24.209"
"P01";"381";"642";"t";"2015-01-01 16:26:24.209";"2015-01-01 16:27:27.588"
"P01";"385";"642";"t";"2015-01-01 16:27:27.588";"2015-01-01 16:28:22.201"
"P01";"384";"642";"t";"2015-01-01 16:28:22.201";"2015-01-01 16:29:21.221"
"P01";"385";"642";"t";"2015-01-01 16:29:21.221";"2015-01-01 16:30:33.464"
